Workbook

Sheet Vet Report
A1: THOR'S ALLERGY & SKIN REPORT
A4: CURRENT TREATMENT PLAN | G4: RECENT 30 DAY SYMPTOM AVERAGES
A5: Treatment | B5: Frequency | C5: Start | D5: Last Given | E5: Next Expected | F5: Status | G5: Biting | H5: Scratch | I5: Paw Lick | J5: Head Shake | K5: Discomfort | L5: Stress
A6: {=_xlfn._xlws.FILTER('Treatment Plan'!B2:G100,(('Treatment Plan'!G2:G100="Active")+(('Treatment Plan'!E2:E100>=TODAY()-30)*('Treatment Plan'!E2:E100<=TODAY())))>0,"")} -> Purina Pro Plan Sensitive Skin & Stomach Salmon Adult | B6: Continuous Diet | C6: 45992 | D6: 46302 | E6: 46303 | F6: Active | G6: =IFERROR(AVERAGEIFS('Daily Check In'!$B$5:$B$404,'Daily Check In'!$A$5:$A$404,">="&TODAY()-30),"") -> 3 | H6: =IFERROR(AVERAGEIFS('Daily Check In'!$C$5:$C$404,'Daily Check In'!$A$5:$A$404,">="&TODAY()-30),"") -> 2.1818182 | I6: =IFERROR(AVERAGEIFS('Daily Check In'!$D$5:$D$404,'Daily Check In'!$A$5:$A$404,">="&TODAY()-30),"") -> 3.4545455 | J6: =IFERROR(AVERAGEIFS('Daily Check In'!$E$5:$E$404,'Daily Check In'!$A$5:$A$404,">="&TODAY()-30),"") -> 3.0909091 | K6: =IFERROR(AVERAGEIFS('Daily Check In'!$F$5:$F$404,'Daily Check In'!$A$5:$A$404,">="&TODAY()-30),"") -> 1.8181818 | L6: =IFERROR(AVERAGEIFS('Daily Check In'!$G$5:$G$404,'Daily Check In'!$A$5:$A$404,">="&TODAY()-30),"") -> 1.7272727
A7: Apoquel | B7: Daily | C7: 46013 | D7: 46302 | E7: 46303 | F7: Active
A8: Cytopoint | B8: Every 4 months | C8: 46037 | D8: 46181 | E8: 46303 | F8: Active | G8: LATEST COAT & SKIN SCORES
A9: Simparica Trio | B9: Monthly on the 1st | C9: 44531 | D9: 46296 | E9: 46327 | F9: Active | G9: L Ear | H9: R Ear | I9: L Haunch | J9: R Haunch | K9: Front Legs | L9: Back Legs
A10: Full grooming | B10: Every 4 Weeks | C10: 45511 | D10: 46291 | E10: 46319 | F10: Active | G10: =IFERROR(LOOKUP(2,1/('Coat & Skin'!$B$4:$B$203<>""),'Coat & Skin'!$B$4:$B$203),"") -> 3 | H10: =IFERROR(LOOKUP(2,1/('Coat & Skin'!$C$4:$C$203<>""),'Coat & Skin'!$C$4:$C$203),"") -> 3 | I10: =IFERROR(LOOKUP(2,1/('Coat & Skin'!$D$4:$D$203<>""),'Coat & Skin'!$D$4:$D$203),"") -> 3 | J10: =IFERROR(LOOKUP(2,1/('Coat & Skin'!$E$4:$E$203<>""),'Coat & Skin'!$E$4:$E$203),"") -> 3 | K10: =IFERROR(LOOKUP(2,1/('Coat & Skin'!$F$4:$F$203<>""),'Coat & Skin'!$F$4:$F$203),"") -> 2 | L10: =IFERROR(LOOKUP(2,1/('Coat & Skin'!$G$4:$G$203<>""),'Coat & Skin'!$G$4:$G$203),"") -> 2
A11: Nordic Naturals Omega 3 Pet | B11: Daily | C11: 46181 | D11: 46302 | E11: 46303 | F11: Active
A12: Fluoxetine 10 MG | B12: Daily | C12: 46181 | D12: 46302 | E12: 46302 | F12: Active
A14: CYTOPOINT RESPONSE REVIEW | G14: VISIT NOTES / QUESTIONS
A15: Period | B15: Biting | C15: Scratch | D15: Paw Lick | E15: Head Shake | F15: Discomfort | G15: Before an appointment, note the questions you want to discuss here. Afterward, record the veterinarian's recommendations on Changes & Events so the next report preserves what changed and when.
A16: Before injection | B16: =IFERROR(AVERAGEIFS('Daily Check In'!B$5:B$404,'Daily Check In'!$A$5:$A$404,">="&'Treatment Plan'!$E$4-7,'Daily Check In'!$A$5:$A$404,"<"&'Treatment Plan'!$E$4),"") | C16: =IFERROR(AVERAGEIFS('Daily Check In'!C$5:C$404,'Daily Check In'!$A$5:$A$404,">="&'Treatment Plan'!$E$4-7,'Daily Check In'!$A$5:$A$404,"<"&'Treatment Plan'!$E$4),"") | D16: =IFERROR(AVERAGEIFS('Daily Check In'!D$5:D$404,'Daily Check In'!$A$5:$A$404,">="&'Treatment Plan'!$E$4-7,'Daily Check In'!$A$5:$A$404,"<"&'Treatment Plan'!$E$4),"") | E16: =IFERROR(AVERAGEIFS('Daily Check In'!E$5:E$404,'Daily Check In'!$A$5:$A$404,">="&'Treatment Plan'!$E$4-7,'Daily Check In'!$A$5:$A$404,"<"&'Treatment Plan'!$E$4),"") | F16: =IFERROR(AVERAGEIFS('Daily Check In'!F$5:F$404,'Daily Check In'!$A$5:$A$404,">="&'Treatment Plan'!$E$4-7,'Daily Check In'!$A$5:$A$404,"<"&'Treatment Plan'!$E$4),"")
A17: Weeks 1 | B17: =IFERROR(AVERAGEIFS('Daily Check In'!B$5:B$404,'Daily Check In'!$A$5:$A$404,">="&'Treatment Plan'!$E$4,'Daily Check In'!$A$5:$A$404,"<"&'Treatment Plan'!$E$4+7),"") | C17: =IFERROR(AVERAGEIFS('Daily Check In'!C$5:C$404,'Daily Check In'!$A$5:$A$404,">="&'Treatment Plan'!$E$4,'Daily Check In'!$A$5:$A$404,"<"&'Treatment Plan'!$E$4+7),"") | D17: =IFERROR(AVERAGEIFS('Daily Check In'!D$5:D$404,'Daily Check In'!$A$5:$A$404,">="&'Treatment Plan'!$E$4,'Daily Check In'!$A$5:$A$404,"<"&'Treatment Plan'!$E$4+7),"") | E17: =IFERROR(AVERAGEIFS('Daily Check In'!E$5:E$404,'Daily Check In'!$A$5:$A$404,">="&'Treatment Plan'!$E$4,'Daily Check In'!$A$5:$A$404,"<"&'Treatment Plan'!$E$4+7),"") | F17: =IFERROR(AVERAGEIFS('Daily Check In'!F$5:F$404,'Daily Check In'!$A$5:$A$404,">="&'Treatment Plan'!$E$4,'Daily Check In'!$A$5:$A$404,"<"&'Treatment Plan'!$E$4+7),"")
A18: Week 2 | C18: =IFERROR(AVERAGEIFS('Daily Check In'!C$5:C$404,'Daily Check In'!$A$5:$A$404,">="&'Treatment Plan'!$E$4+7,'Daily Check In'!$A$5:$A$404,"<"&'Treatment Plan'!$E$4+14),"") | D18: =IFERROR(AVERAGEIFS('Daily Check In'!D$5:D$404,'Daily Check In'!$A$5:$A$404,">="&'Treatment Plan'!$E$4+7,'Daily Check In'!$A$5:$A$404,"<"&'Treatment Plan'!$E$4+14),"") | E18: =IFERROR(AVERAGEIFS('Daily Check In'!E$5:E$404,'Daily Check In'!$A$5:$A$404,">="&'Treatment Plan'!$E$4+7,'Daily Check In'!$A$5:$A$404,"<"&'Treatment Plan'!$E$4+14),"") | F18: =IFERROR(AVERAGEIFS('Daily Check In'!F$5:F$404,'Daily Check In'!$A$5:$A$404,">="&'Treatment Plan'!$E$4+7,'Daily Check In'!$A$5:$A$404,"<"&'Treatment Plan'!$E$4+14),"")
A19: Week 3 | B19: =IFERROR(AVERAGEIFS('Daily Check In'!B$5:B$404,'Daily Check In'!$A$5:$A$404,">="&'Treatment Plan'!$E$4+7,'Daily Check In'!$A$5:$A$404,"<"&'Treatment Plan'!$E$4+14),"") | C19: =IFERROR(AVERAGEIFS('Daily Check In'!C$5:C$404,'Daily Check In'!$A$5:$A$404,">="&'Treatment Plan'!$E$4+14,'Daily Check In'!$A$5:$A$404,"<"&'Treatment Plan'!$E$4+21),"") | D19: =IFERROR(AVERAGEIFS('Daily Check In'!D$5:D$404,'Daily Check In'!$A$5:$A$404,">="&'Treatment Plan'!$E$4+14,'Daily Check In'!$A$5:$A$404,"<"&'Treatment Plan'!$E$4+21),"") | E19: =IFERROR(AVERAGEIFS('Daily Check In'!E$5:E$404,'Daily Check In'!$A$5:$A$404,">="&'Treatment Plan'!$E$4+14,'Daily Check In'!$A$5:$A$404,"<"&'Treatment Plan'!$E$4+21),"") | F19: =IFERROR(AVERAGEIFS('Daily Check In'!F$5:F$404,'Daily Check In'!$A$5:$A$404,">="&'Treatment Plan'!$E$4+14,'Daily Check In'!$A$5:$A$404,"<"&'Treatment Plan'!$E$4+21),"")
A20: Week 4 | B20: =IFERROR(AVERAGEIFS('Daily Check In'!B$5:B$404,'Daily Check In'!$A$5:$A$404,">="&'Treatment Plan'!$E$4+21,'Daily Check In'!$A$5:$A$404,"<"&'Treatment Plan'!$E$4+28),"") | C20: =IFERROR(AVERAGEIFS('Daily Check In'!C$5:C$404,'Daily Check In'!$A$5:$A$404,">="&'Treatment Plan'!$E$4+21,'Daily Check In'!$A$5:$A$404,"<"&'Treatment Plan'!$E$4+28),"") | D20: =IFERROR(AVERAGEIFS('Daily Check In'!D$5:D$404,'Daily Check In'!$A$5:$A$404,">="&'Treatment Plan'!$E$4+21,'Daily Check In'!$A$5:$A$404,"<"&'Treatment Plan'!$E$4+28),"") | E20: =IFERROR(AVERAGEIFS('Daily Check In'!E$5:E$404,'Daily Check In'!$A$5:$A$404,">="&'Treatment Plan'!$E$4+21,'Daily Check In'!$A$5:$A$404,"<"&'Treatment Plan'!$E$4+28),"") | F20: =IFERROR(AVERAGEIFS('Daily Check In'!F$5:F$404,'Daily Check In'!$A$5:$A$404,">="&'Treatment Plan'!$E$4+21,'Daily Check In'!$A$5:$A$404,"<"&'Treatment Plan'!$E$4+28),"")
A21: Weeks 5–8 | B21: =IFERROR(AVERAGEIFS('Daily Check In'!B$5:B$404,'Daily Check In'!$A$5:$A$404,">="&'Treatment Plan'!$E$4+28,'Daily Check In'!$A$5:$A$404,"<"&'Treatment Plan'!$E$4+56),"") | C21: =IFERROR(AVERAGEIFS('Daily Check In'!C$5:C$404,'Daily Check In'!$A$5:$A$404,">="&'Treatment Plan'!$E$4+28,'Daily Check In'!$A$5:$A$404,"<"&'Treatment Plan'!$E$4+56),"") | D21: =IFERROR(AVERAGEIFS('Daily Check In'!D$5:D$404,'Daily Check In'!$A$5:$A$404,">="&'Treatment Plan'!$E$4+28,'Daily Check In'!$A$5:$A$404,"<"&'Treatment Plan'!$E$4+56),"") | E21: =IFERROR(AVERAGEIFS('Daily Check In'!E$5:E$404,'Daily Check In'!$A$5:$A$404,">="&'Treatment Plan'!$E$4+28,'Daily Check In'!$A$5:$A$404,"<"&'Treatment Plan'!$E$4+56),"") | F21: =IFERROR(AVERAGEIFS('Daily Check In'!F$5:F$404,'Daily Check In'!$A$5:$A$404,">="&'Treatment Plan'!$E$4+28,'Daily Check In'!$A$5:$A$404,"<"&'Treatment Plan'!$E$4+56),"")
A22: Weeks 9–12 | B22: =IFERROR(AVERAGEIFS('Daily Check In'!B$5:B$404,'Daily Check In'!$A$5:$A$404,">="&'Treatment Plan'!$E$4+56,'Daily Check In'!$A$5:$A$404,"<"&'Treatment Plan'!$E$4+84),"") | C22: =IFERROR(AVERAGEIFS('Daily Check In'!C$5:C$404,'Daily Check In'!$A$5:$A$404,">="&'Treatment Plan'!$E$4+56,'Daily Check In'!$A$5:$A$404,"<"&'Treatment Plan'!$E$4+84),"") | D22: =IFERROR(AVERAGEIFS('Daily Check In'!D$5:D$404,'Daily Check In'!$A$5:$A$404,">="&'Treatment Plan'!$E$4+56,'Daily Check In'!$A$5:$A$404,"<"&'Treatment Plan'!$E$4+84),"") | E22: =IFERROR(AVERAGEIFS('Daily Check In'!E$5:E$404,'Daily Check In'!$A$5:$A$404,">="&'Treatment Plan'!$E$4+56,'Daily Check In'!$A$5:$A$404,"<"&'Treatment Plan'!$E$4+84),"") | F22: =IFERROR(AVERAGEIFS('Daily Check In'!F$5:F$404,'Daily Check In'!$A$5:$A$404,">="&'Treatment Plan'!$E$4+56,'Daily Check In'!$A$5:$A$404,"<"&'Treatment Plan'!$E$4+84),"")
A23: Weeks 13-16 | B23: =IFERROR(AVERAGEIFS('Daily Check In'!B$5:B$404,'Daily Check In'!$A$5:$A$404,">="&'Treatment Plan'!$E$4+84,'Daily Check In'!$A$5:$A$404,"<="&'Treatment Plan'!$F$4),"") -> 3 | C23: =IFERROR(AVERAGEIFS('Daily Check In'!C$5:C$404,'Daily Check In'!$A$5:$A$404,">="&'Treatment Plan'!$E$4+84,'Daily Check In'!$A$5:$A$404,"<="&'Treatment Plan'!$F$4),"") -> 2.1818182 | D23: =IFERROR(AVERAGEIFS('Daily Check In'!D$5:D$404,'Daily Check In'!$A$5:$A$404,">="&'Treatment Plan'!$E$4+84,'Daily Check In'!$A$5:$A$404,"<="&'Treatment Plan'!$F$4),"") -> 3.4545455 | E23: =IFERROR(AVERAGEIFS('Daily Check In'!E$5:E$404,'Daily Check In'!$A$5:$A$404,">="&'Treatment Plan'!$E$4+84,'Daily Check In'!$A$5:$A$404,"<="&'Treatment Plan'!$F$4),"") -> 3.0909091 | F23: =IFERROR(AVERAGEIFS('Daily Check In'!F$5:F$404,'Daily Check In'!$A$5:$A$404,">="&'Treatment Plan'!$E$4+84,'Daily Check In'!$A$5:$A$404,"<="&'Treatment Plan'!$F$4),"") -> 1.8181818

Sheet Daily Check In
A1: DAILY CHECK IN — routine entry should take only a few minutes
A2: 0 = observed and none. Leave blank if you did not observe a symptom that day.
A4: Date | B4: Biting / Chewing | C4: Scratching | D4: Paw Licking | E4: Head Shaking | F4: General Discomfort | G4: Stress Level | H4: Stress / Routine Change | I4: Unusual Exposure | J4: Notes
A5: 46291 | B5: 4 | C5: 3 | D5: 3 | E5: 5 | F5: 2 | G5: 1 | H5: None | I5: None
A6: 46292 | B6: 4 | C6: 3 | D6: 4 | E6: 4 | F6: 2 | G6: 1 | H6: None | I6: Hike | J6: Hike at Lost Creek Lake
A7: 46293 | B7: 4 | C7: 3 | D7: 4 | E7: 5 | F7: 2 | G7: 3 | H7: Company / Visitors | I7: None
A8: 46294 | B8: 4 | C8: 3 | D8: 3 | E8: 5 | F8: 2 | G8: 1 | H8: None | I8: None
A9: 46295 | B9: 4 | C9: 3 | D9: 3 | E9: 5 | F9: 2 | G9: 2 | H9: None | I9: None
A10: 46296 | B10: 3 | C10: 3 | D10: 4 | E10: 2 | F10: 1 | G10: 1 | H10: None | I10: None
A11: 46297 | B11: 1 | C11: 1 | D11: 3 | E11: 1 | F11: 1 | G11: 1 | H11: None | I11: Hike | J11: Hike at Touvelle State Park
A12: 46298 | B12: 5 | C12: 2 | D12: 4 | E12: 4 | F12: 4 | G12: 5 | H12: Other | I12: None | J12: Thor was anxious all day, no real catalyst
A13: 46299 | B13: 1 | C13: 1 | D13: 2 | E13: 1 | F13: 1 | G13: 1 | H13: None | I13: None
A14: 46300 | B14: 1 | C14: 1 | D14: 4 | E14: 1 | F14: 1 | G14: 1 | H14: None | I14: None
A15: 46301 | B15: 2 | C15: 1 | D15: 4 | E15: 1 | F15: 2 | G15: 2 | H15: None | I15: None

Sheet Coat & Skin
A1: COAT & SKIN — weekly, or whenever you notice a meaningful change
A3: Date | B3: Left Ear | C3: Right Ear | D3: Left Haunch | E3: Right Haunch | F3: Front Legs | G3: Back Legs | H3: Redness / Irritation | I3: Photos? | J3: Photo Filename(s) | K3: Notes
A4: 46291 | B4: 4 | C4: 4 | D4: 4 | E4: 4 | F4: 3 | G4: 3 | H4: 1 | I4: Yes | K4: Ear area is almost fully black at the temples due to scratching and headshaking, no fur left
A5: 46301 | B5: 3 | C5: 3 | D5: 3 | E5: 3 | F5: 2 | G5: 2 | H5: 1 | I5: Yes | K5: Ear areas are now dime sized, head shaking appears less. Still licking paws often with a little redness in the webbed areas

Sheet Changes & Events
A1: CHANGES & EVENTS — enter only when something actually happens
A3: Actual Date | B3: Event Type | C3: Item / Product | D3: Action / Details | E3: Planned Date | F3: Reason / Source | G3: Vet Directed? | H3: Trial End / Review Date | I3: Cycle # | J3: Notes
A4: 46181 | B4: Injection | C4: Cytopoint | D4: Completed | E4: 46181 | F4: Routine / Scheduled | G4: Yes | J4: Regular 16 week schedule
A5: 46291 | B5: Grooming | C5: Full grooming | D5: Completed | E5: 46291 | F5: Routine / Scheduled | G5: No | J5: Regular 4 week schedule

Sheet Treatment Plan
A1: Category | B1: Treatment / Product | C1: Frequency | D1: Start Date | E1: Last Given / Actual | F1: Next Expected | G1: Status | H1: Notes
A2: Food | B2: Purina Pro Plan Sensitive Skin & Stomach Salmon Adult | C2: Continuous Diet | D2: 45992 | E2: =TODAY() -> 46302 | F2: =TODAY()+1 -> 46303 | G2: Active
A3: Allergy Medication | B3: Apoquel | C3: Daily | D3: 46013 | E3: =TODAY() -> 46302 | F3: =TODAY()+1 -> 46303 | G3: Active
A4: Allergy Injection | B4: Cytopoint | C4: Every 4 months | D4: 46037 | E4: 46181 | F4: =EDATE(E4,4) -> 46303 | G4: Active | H4: Current planned interval; use data to evaluate observed response
A5: Supplement | B5: Nutri-Vet Omega-3 Coat Care Fish Oil Softgels for Dogs | C5: Daily | D5: 46023 | E5: 46180 | G5: Inactive
A6: Parasite Prevention | B6: Simparica Trio | C6: Monthly on the 1st | D6: 44531 | E6: 46296 | F6: =EDATE(E6,1) -> 46327 | G6: Active | H6: Used since puppyhood
A7: Grooming | B7: Full grooming | C7: Every 4 Weeks | D7: 45511 | E7: 46291 | F7: 46319 | G7: Active | H7: Actual date drives analysis
A8: Supplement | B8: Nordic Naturals Omega 3 Pet | C8: Daily | D8: 46181 | E8: =TODAY() -> 46302 | F8: =EDATE(E4,4) -> 46303 | G8: Active
A9: Anxiety Medication | B9: Fluoxetine 10 MG | C9: Daily | D9: 46181 | E9: =TODAY() -> 46302 | F9: =EDATE(E5,4) -> 46302 | G9: Active

Sheet Setup
A1: Thor's Allergy Tracker — Setup & Editable Lists
A3: Setting | B3: Value | D3: Event Types | F3: Stress / Routine | H3: Unusual Exposure | J3: Frequency | L3: Reason / Source | N3: Status | P3: Yes / No
A4: Name | B4: Thor | D4: Food Change | F4: None | H4: None | J4: Daily | L4: Vet Recommendation | N4: Active | P4: Yes
A5: Breed | B5: Catahoula Beagle mix | D5: Medication Start | F5: Company / Visitors | H5: Hike | J5: Twice Daily | L5: Routine / Scheduled | N5: Inactive | P5: No
A6: Grooming interval (days) | B6: 28 | D6: Medication Stop | F6: Travel | H6: Swimming / Water | J6: Weekly | L6: Trial Started | N6: Trial | P6: Unknown
A7: Last actual grooming | B7: 46291 | D7: Dose Change | F7: Schedule Change | H7: Travel | J7: Every 4 Weeks | L7: Trial Completed | N7: Completed
A8: Next expected grooming | B8: =B7+B6 -> 46319 | D8: Injection | F8: Left Alone More | H8: Long Outdoor Day | J8: Every 6 Weeks | L8: No Apparent Improvement | N8: Paused
A9: Default trial length (days) | B9: 90 | D9: Supplement Start | F9: Grooming | H9: Smoke / Poor Air | J9: Every 8 Weeks | L9: Side Effect / Concern | N9: Planned
D10: Supplement Stop | F10: Vet Visit | H10: Wet / Muddy | J10: Every 90 Days | L10: Owner Observation
D11: Grooming | F11: Loud Noise / Storm | H11: New Location | J11: Monthly | L11: Other
D12: Simparica Trio | F12: Boarding / Pet Sitter | H12: Other | J12: Monthly on the 1st
A13: Symptom Score | B13: Meaning | C13: Guide | D13: Vet Visit | F13: Other | J13: As Needed
A14: 0 | B14: None | C14: Observed and not present | D14: Other | J14: Continuous Diet
A15: 1 | B15: Very mild | C15: Occasional / easy to miss | J15: Other
A16: 2 | B16: Mild | C16: Clearly present but limited
A17: 3 | B17: Moderate | C17: Frequent / noticeable
A18: 4 | B18: Severe | C18: Persistent / clearly uncomfortable
A19: 5 | B19: Very severe | C19: Near constant / substantial impact
A20: Blank | B20: Not observed | C20: Leave blank rather than entering zero
A23: Fur Loss Score | B23: Meaning | C23: Guide
A24: 0 | B24: Normal coat | C24: No visible thinning
A25: 1 | B25: Slight thinning | C25: Subtle change
A26: 2 | B26: Noticeable thinning | C26: Clearly less fur
A27: 3 | B27: Skin visible | C27: Skin easily seen through coat
A28: 4 | B28: Substantial bare area | C28: Large / obvious loss
A29: 5 | B29: Extensive loss | C29: Severe / widespread bare area
A30: Photo tip | B30: Use similar angle and lighting | C30: Record filename rather than embedding photos
